producto,ciudad,2020,2022,2023,2024,2025
Aguacate*,ARMENIA,,23.823960115835206,6.757075745922081,19.323783271420524,34.033279796351756
Aguacate*,BARRANQUILLA,,14.223752710143511,32.69447098056726,6.043749999999992,-100.0
Aguacate*,"BOGOTÁ, D.C.",,39.067836277413434,20.25244219362139,22.47449847986587,-5.924007236751083
Aguacate*,BUCARAMANGA,,63.13946418638346,17.353743487658903,34.7599996245292,-1.3529909234838988
Aguacate*,CALI,,41.7699885022125,20.167275947196075,30.43944276687689,-7.3722784619683175
Aguacate*,CARTAGENA DE INDIAS,,47.401308812379874,17.85642845906694,36.60856479606984,1.9287522603978369
Aguacate*,CÚCUTA,,15.29760637578903,-100.0,,
Aguacate*,IBAGUÉ,,56.1718919162757,14.839051264457437,32.50691950285012,-4.024604598758952
Aguacate*,MANIZALES,,54.3613855233904,7.119449140910161,37.990899780824925,8.965348938273475
Aguacate*,MEDELLÍN,,42.136395298286104,22.058055611158323,25.997968913703275,-8.19383203957832
Aguacate*,MONTERÍA,,37.836552796782975,35.449528021090224,33.50611418545648,-7.106971705736509
Aguacate*,NEIVA,,40.54070498604263,18.097245794400507,36.37207523378609,-6.348334723561166
Aguacate*,PEREIRA,,43.138486294283695,15.849236812293066,35.3376949761862,-5.495058476973025
Aguacate*,POPAYÁN,,46.16154147762281,21.054624357424736,26.754660866836886,-5.0213624089961435
Aguacate*,SAN JOSÉ DE CÚCUTA,,inf,-1.171715604292023,54.76970963040524,-5.820329853398498
Aguacate*,SINCELEJO,,45.27497149530974,17.881321245530568,12.793171804096426,12.477603191836572
Aguacate*,TUNJA,,41.11245386506781,13.875320570822591,25.648871100950863,-10.661643961927735
Aguacate*,VALLEDUPAR,,43.25561125848547,15.562869883013985,36.025864504586224,0.22802675880277956
Aguacate*,VILLAVICENCIO,,37.8592859307981,18.49126813595032,25.190159842368786,-7.998137480684619
Ahuyama,ARMENIA,,60.7388483266667,0.3528364914842097,-19.695082245689534,-2.2622356038713543
Ahuyama,BARRANQUILLA,,21.441921173935086,13.170421471261307,9.137524987253464,-35.597394507821825
Ahuyama,"BOGOTÁ, D.C.",,87.50083959543214,-10.620259572766644,-6.3965270774903775,2.3538305452041053
Ahuyama,BUCARAMANGA,,62.62202635139032,9.093265067475741,0.24954227045443922,-3.602315750157037
Ahuyama,CALI,,53.28290856738243,-3.326084719796163,-10.656363511094934,14.115496581138709
Ahuyama,CARTAGENA DE INDIAS,,54.9467323777814,-100.0,inf,-24.846317417359366
Ahuyama,CÚCUTA,,51.01405074601659,-100.0,,
Ahuyama,IBAGUÉ,,95.49208471621978,-15.302657594519575,4.354314892624056,10.78946602224422
Ahuyama,MANIZALES,,40.65109695682945,11.360297686073162,-7.772176570376699,7.172745821915649
Ahuyama,MEDELLÍN,,53.0468457363636,-4.306083037991238,-4.824202780049058,-4.437415391023647
Ahuyama,MONTERÍA,,176.05532488344986,-8.386986030496967,-1.8740583880249573,-27.35080680965104
Ahuyama,PEREIRA,,46.76717427771775,3.2866014409302924,-5.485011314218912,-1.2798285824774824
Ahuyama,POPAYÁN,,117.98506818574141,3.835303308690552,-29.30423465156,15.529298287918959
Ahuyama,SAN JOSÉ DE CÚCUTA,,inf,-19.750579473617126,4.746666863472182,-0.5006223675187882
Ahuyama,SANTA MARTA,,-100.0,,,
Ahuyama,SINCELEJO,,112.5364255838182,-19.896407171396426,5.672660905666516,-36.34462301887093
Ahuyama,TUNJA,,25.391789714124812,-6.442246889992553,19.43674393705397,-0.693621018290258
Ahuyama,VALLEDUPAR,,81.46529167307988,-14.86558060545745,14.297331080344922,-38.47314544095741
Arracacha*,ARMENIA,,62.22129648915735,37.3243455356516,-20.063936889476718,-26.332560946136997
Arracacha*,"BOGOTÁ, D.C.",,69.44238198219679,18.536155306722925,-54.34082200528736,-50.2395585636604
Arracacha*,BUCARAMANGA,,34.165259621638214,98.73218718163398,-22.824912686207945,-46.38699030150488
Arracacha*,CÚCUTA,,58.37853181026611,-100.0,,
Arracacha*,IBAGUÉ,,118.18487066253702,13.19912465347075,-52.96008134715824,-50.21469137500737
Arracacha*,MEDELLÍN,,12.28805123398098,44.53649899876897,-49.345237129020916,22.537835644064597
Arracacha*,NEIVA,,84.29117193927185,32.75182399250796,-39.04710756291083,-42.34695732689552
Arracacha*,PASTO,,209.06131280023016,-5.381638983242287,-34.0396155537776,-26.338713252465585
Arracacha*,PEREIRA,,75.63185670787942,26.372636711128948,-35.647586706075565,-26.809708924668552
Arracacha*,SAN JOSÉ DE CÚCUTA,,inf,5.770292400546495,-22.25016076970808,-30.972265946396448
Arracacha*,TUNJA,,49.38368942840861,44.11079063548107,-31.846994677990736,-25.539345250515865
Arracacha*,VALLEDUPAR,,38.0722665039744,85.38944393313115,-21.5558769893587,-14.079973974860138
Arracacha*,VILLAVICENCIO,,72.28178156502003,42.87159265659899,-29.816103222951508,-30.86313483058142
Arveja verde en vaina,ARMENIA,,46.77405215937127,1.0483649578705956,2.063758848873576,23.20838805868808
Arveja verde en vaina,BARRANQUILLA,,42.62698194679086,6.584049586166674,-7.9469429067132396,2.696526161640733
Arveja verde en vaina,"BOGOTÁ, D.C.",,70.81759726997127,-11.961484739535022,-10.698278159367657,25.560944025105293
Arveja verde en vaina,BUCARAMANGA,,60.940267069194284,8.302545075108991,-14.71944493300682,26.63169459788117
Arveja verde en vaina,CALI,,70.53436581762564,-5.162739813143046,-14.394867151261248,38.20461596168443
Arveja verde en vaina,CÚCUTA,,85.14547319857056,-100.0,,
Arveja verde en vaina,IBAGUÉ,,80.6808683097343,-10.271623116384909,-7.513730158889754,30.956624511639962
Arveja verde en vaina,MANIZALES,,77.42042820780881,3.8461142449659924,-6.8729358152118785,23.633766845958192
Arveja verde en vaina,MEDELLÍN,,66.56105745028893,-16.87786484671163,0.7097015912500559,37.99540099051553
Arveja verde en vaina,NEIVA,,85.5229443474681,-10.256940263124982,-2.5325856175795636,28.103088670840172
Arveja verde en vaina,PASTO,,94.77799460212573,-8.680280672258844,-9.341603150469291,36.33082077493701
Arveja verde en vaina,PEREIRA,,49.3900390255198,-2.2175315882497104,-3.8379120448269077,22.7724418141527
Arveja verde en vaina,POPAYÁN,,90.32316793360069,-4.698886324679929,-9.373846988605528,34.53769497282795
Arveja verde en vaina,SAN JOSÉ DE CÚCUTA,,inf,-20.261795546966653,-3.5316749099500444,22.256548636074534
Arveja verde en vaina,TUNJA,,78.20479137435126,-9.053045125364179,-7.922605596674992,16.50683469547305
Arveja verde en vaina,VILLAVICENCIO,,75.55665608811968,-1.6825396825396743,-9.947472041700411,26.42405728827104
Banano*,ARMENIA,,0.07601698397479151,12.49448570214977,22.9959073713458,24.781304378925917
Banano*,BARRANQUILLA,,61.0159856617847,23.634518502410184,-12.350569640564824,-30.036640215315845
Banano*,"BOGOTÁ, D.C.",,14.4084543296062,8.684338021236272,22.897201091677964,7.1785094158833385
Banano*,BUCARAMANGA,,21.811848700285495,8.878102967863821,54.058333211772315,4.531554716737962
Banano*,CALI,,26.135888404204223,13.899649553984839,30.233548874170914,20.720002273631533
Banano*,CÚCUTA,,15.663996071457476,-100.0,,
Banano*,IBAGUÉ,,6.364773986784078,3.3110218631019483,40.83667928568697,24.046010475099244
Banano*,MANIZALES,,4.166431115382441,15.748416743898662,24.635678471592758,9.052572123324087
Banano*,MEDELLÍN,,14.158066438419414,11.441097348534113,28.588694537553682,-1.220471100682441
Banano*,MONTERÍA,,42.5843324673751,39.54596487698305,3.2268834917751565,-8.461585954263917
Banano*,NEIVA,,9.580648250535395,9.604566097044076,62.851015503298036,12.883202367111668
Banano*,PEREIRA,,11.824105612431591,12.761502489198895,31.58695291219118,8.592731608903303
Banano*,POPAYÁN,,9.497292103424183,10.356487014311933,25.778564991765318,9.763617677286751
Banano*,SAN JOSÉ DE CÚCUTA,,inf,2.2149206881679318,37.497044457763984,15.209463482563557
Banano*,SANTA MARTA,,72.55815679544509,24.957805657285938,-15.995807536443818,-2.2661871035799974
Banano*,SINCELEJO,,inf,13.340800893410009,10.129071006051271,-7.432345935096773
Banano*,TUNJA,,7.829651729826881,9.654013792972616,12.41605753220012,12.875276362177424
Banano*,VALLEDUPAR,,,inf,0.3153194066000564,-18.634790425481572
Banano*,VILLAVICENCIO,,48.18372674662723,7.5829119139678935,7.6632923918323215,-4.730223123732258
Cebolla cabezona blanca,ARMENIA,,64.77323165072832,-1.9498177730728816,-21.906870853482875,-7.355979207902363
Cebolla cabezona blanca,BARRANQUILLA,,80.38345758281562,-12.675943468052587,-12.79551158948584,-9.01780244038889
Cebolla cabezona blanca,"BOGOTÁ, D.C.",,93.51054647274255,-19.595987194153107,-20.845171241020054,-13.793725354693953
Cebolla cabezona blanca,BUCARAMANGA,,86.92383978208127,-12.022058517962385,-21.84391483697572,-11.9049884138673
Cebolla cabezona blanca,CALI,,98.79582394048798,-12.429850767147265,-16.015732691609173,-19.533212983790882
Cebolla cabezona blanca,CARTAGENA DE INDIAS,,64.35816801974323,-13.06603046125554,-14.868213561612965,-9.896798094734061
Cebolla cabezona blanca,CÚCUTA,,79.35023640955643,-100.0,,
Cebolla cabezona blanca,IBAGUÉ,,87.02602230483272,-22.68525921056701,-22.098060409024768,-10.537648578670222
Cebolla cabezona blanca,MANIZALES,,62.57541799301541,-15.223769477923843,-17.985927652594324,-9.495269035038534
Cebolla cabezona blanca,MEDELLÍN,,72.5574074029081,-18.68741796893406,-20.816605211684404,-10.082090898292629
Cebolla cabezona blanca,MONTERÍA,,68.38300570703868,-15.759432868575619,-16.185507937678935,-8.217707762659188
Cebolla cabezona blanca,PASTO,,87.23658727145678,-21.68903433776965,-23.699921225413934,-11.484689606805132
Cebolla cabezona blanca,PEREIRA,,88.80959168422385,-14.618488700144505,-19.995305604031856,-9.518608070567991
Cebolla cabezona blanca,POPAYÁN,,74.05931105727382,-12.717221458697859,-25.18225956908178,-8.717039114786896
Cebolla cabezona blanca,SAN JOSÉ DE CÚCUTA,,inf,-52.16198957492835,-21.53097877735196,-13.257886099178917
Cebolla cabezona blanca,SANTA MARTA,,63.963482180373575,-10.079237174321786,-18.572514782655915,-11.43788533767982
Cebolla cabezona blanca,SINCELEJO,,74.60631095843175,-12.78798072903433,-21.03227647476964,-10.977502502139513
Cebolla cabezona blanca,TUNJA,,74.75082433104798,-20.028357005125464,-23.966546253360853,-11.346638482247517
Cebolla cabezona blanca,VALLEDUPAR,,72.0736825815165,-14.440277897612086,-16.857119892240057,-16.292471592019165
Cebolla cabezona blanca,VILLAVICENCIO,,69.42632730548115,-17.796289641865958,-15.79871713382438,-9.31012245436358
Cebolla junca,ARMENIA,,-2.3617705621075125,14.189564190690994,13.357475540959696,-17.3541124428889
Cebolla junca,BARRANQUILLA,,,inf,-100.0,
Cebolla junca,"BOGOTÁ, D.C.",,45.62051809404011,34.6110014564661,-31.663053479161153,6.334104719176525
Cebolla junca,BUCARAMANGA,,51.01306139586315,35.84422999332419,-31.291545528879528,14.362772122405577
Cebolla junca,CALI,,29.341611125020183,34.31600580207561,-36.02598051924003,17.54818489495531
Cebolla junca,CÚCUTA,,51.73625749516706,-100.0,,
Cebolla junca,MANIZALES,,45.43077475617658,32.203430871892344,-11.378001681511085,1.5318578815454176
Cebolla junca,MEDELLÍN,,41.459204930689644,1.9006550217347984,6.234659223138084,3.9253618843375415
Cebolla junca,MONTERÍA,,16.41409926982911,-26.226806539009985,16.6834758901889,20.774814470823856
Cebolla junca,NEIVA,,45.70074952807887,37.77154552108346,-34.07045396358003,10.707675523311844
Cebolla junca,PASTO,,58.19011815252417,18.071601412590166,-22.536377335202662,34.54657729686763
Cebolla junca,PEREIRA,,36.38035885448081,19.75434136398566,-2.5461145800527274,-17.449077425792947
Cebolla junca,POPAYÁN,,42.87021061399332,29.038442518810427,-21.86925977459666,27.237940868708854
Cebolla junca,SAN JOSÉ DE CÚCUTA,,inf,11.577262160621071,-36.31930378251561,10.42727552338829
Cebolla junca,SINCELEJO,,81.97249361793129,-21.959524169564993,16.903357566116117,-2.749268083247902
Cebolla junca,TUNJA,,58.5858515186074,40.737722157686804,-36.898413164534404,4.341787722275758
Cebolla junca,VILLAVICENCIO,,46.30425186790787,42.138156611607954,-22.86374945194144,11.25926082280948
Chócolo mazorca,ARMENIA,,16.873259354391834,-6.488629487577525,7.511490950728428,-7.109426931455931
Chócolo mazorca,BARRANQUILLA,,68.87421483121695,-100.0,,
Chócolo mazorca,"BOGOTÁ, D.C.",,41.416969988127626,-5.5777473826215225,7.325055808279113,9.184672969220408
Chócolo mazorca,BUCARAMANGA,,58.443800718239714,6.72355274899239,-1.862685151644683,6.409106867961234
Chócolo mazorca,CALI,,40.773177781218564,7.996005296094699,5.712093215502678,24.013438857168047
Chócolo mazorca,CARTAGENA DE INDIAS,,111.92992424718602,-6.5567683574913715,2.9040394808992787,4.069713741678327
Chócolo mazorca,CÚCUTA,,53.072452421103364,-100.0,,
Chócolo mazorca,IBAGUÉ,,84.0284123732997,11.163178494753833,15.105525832236832,-11.662552385326375
Chócolo mazorca,MANIZALES,,66.7517801653668,0.019607236102081593,5.462755102040795,4.7657503301212545
Chócolo mazorca,MEDELLÍN,,81.8474167110903,9.75660754079055,-14.138222487103668,28.221023717929185
Chócolo mazorca,MONTERÍA,,58.55293461122821,14.631326546431733,-2.0412368131089265,-6.796227711809399
Chócolo mazorca,NEIVA,,46.791243943755,2.924567840415282,10.412500732770136,-5.487248765581398
Chócolo mazorca,PASTO,,62.065588656676084,2.8590864528520887,-3.7846288554965524,-3.4495486212571036
Chócolo mazorca,POPAYÁN,,66.0106676113998,-5.8749733585856445,-11.938966056301226,5.7090239410681365
Chócolo mazorca,SAN JOSÉ DE CÚCUTA,,inf,-2.208418926917588,3.162491027788228,18.8453951766826
Chócolo mazorca,SANTA MARTA,,71.74633431085044,7.576132706115368,-100.0,inf
Chócolo mazorca,SINCELEJO,,75.34135189191839,1.0956651447916244,2.106519488694314,6.752645324573936
Chócolo mazorca,TUNJA,,41.70371615940809,9.03241802516581,7.06093743034768,6.571106968584894
Chócolo mazorca,VALLEDUPAR,,68.42479217708643,-2.665633927719502,10.726133869134035,12.629959091514209
Chócolo mazorca,VILLAVICENCIO,,52.96619827805862,-3.3246142932275125,12.984413938351436,10.578322094156057
Coco,ARMENIA,,17.551836688326915,18.314192529177788,7.170346599695376,34.51772446344823
Coco,BARRANQUILLA,,-11.60234406046079,19.11060031258158,45.345732015094775,23.065151113746364
Coco,"BOGOTÁ, D.C.",,-0.39567747298420164,34.37483334690672,18.02599373672107,31.66816982401308
Coco,CALI,,13.853449181163713,35.71450176754307,11.833983963110551,31.401522840118346
Coco,CARTAGENA DE INDIAS,,-13.783200355213143,16.68649056029585,32.12255998089195,16.562177918571486
Coco,MANIZALES,,7.037558338339278,33.00401868954861,24.807066550407143,21.773920600380613
Coco,MEDELLÍN,,-20.66926853913221,33.97853243267288,28.318001227677136,23.727247017379007
Coco,MONTERÍA,,-21.30404061981367,18.65437622963857,28.407313546586877,31.345780727160253
Coco,PEREIRA,,11.811118927849872,42.43643902486238,12.799673368531206,22.379353937505584
Coco,SINCELEJO,,-13.998966983193617,16.88882837756458,29.865531437049796,31.27297436311356
Coco,VALLEDUPAR,,-6.455196106498706,-100.0,inf,-100.0
Granadilla,ARMENIA,,32.90707097164267,11.895507047013275,16.32413491372622,5.387048673212469
Granadilla,"BOGOTÁ, D.C.",,76.90955419637098,5.091111782901536,18.300754482283587,12.266229576435993
Granadilla,BUCARAMANGA,,69.51048781256823,6.506325578547667,9.062149188681135,3.912976505257637
Granadilla,CALI,,72.6492580868546,3.009096146863155,8.7051567667481,18.19918544812107
Granadilla,CÚCUTA,,72.16944815708825,-100.0,,
Granadilla,IBAGUÉ,,76.25150985842133,10.45303978880936,1.8378521010620874,6.725291038838699
Granadilla,MANIZALES,,56.79592575311385,11.327611769005209,18.49800326117734,21.06990717710209
Granadilla,MEDELLÍN,,80.63286424125064,-8.085002798519225,13.145876271167989,7.245539478375029
Granadilla,NEIVA,,99.77434115760835,8.024790671218618,0.6800041067663853,10.849188976819878
Granadilla,PASTO,,86.48107206402132,-100.0,,
Granadilla,PEREIRA,,70.68607748152829,1.0937184402783906,13.18708557996764,10.720708205995999
Granadilla,POPAYÁN,,100.00807334182528,-2.081216610402803,21.946135530125833,11.770401880667203
Granadilla,SAN JOSÉ DE CÚCUTA,,,inf,10.296614609692112,4.74931627045414
Granadilla,TUNJA,,59.86282056022323,-2.5804453395376403,13.563028172826552,14.24335207042089
Granadilla,VILLAVICENCIO,,73.63977139540722,8.951809737511018,17.575287580467602,5.656993244105646
Guayaba*,ARMENIA,,39.23677560029073,36.486719100111074,2.32596134064742,8.263584062317575
Guayaba*,BARRANQUILLA,,36.31423927290929,22.81528009035254,8.48832009381777,0.16485764424574167
Guayaba*,"BOGOTÁ, D.C.",,22.822550659973984,-2.633620359149058,27.887377173091465,9.219886893150498
Guayaba*,BUCARAMANGA,,37.888544697894176,11.827236162862164,22.90014606309887,-4.927296612652476
Guayaba*,CALI,,45.43510652154454,14.012301505254365,8.116399127406826,-16.5714437190019
Guayaba*,CARTAGENA DE INDIAS,,29.291650753814523,10.58627598810915,6.574253303758537,-0.3650133550049506
Guayaba*,CÚCUTA,,29.23824993510362,-100.0,,
Guayaba*,IBAGUÉ,,51.57779746135836,20.889010073792093,13.86434229852398,-3.7873501237074114
Guayaba*,MANIZALES,,72.15904971360902,17.665891911072507,13.659914300820875,-15.236348910112563
Guayaba*,MEDELLÍN,,52.546706607444136,15.05118265931138,18.42926100249558,-9.405885125091418
Guayaba*,NEIVA,,54.5346893930579,28.493076620876877,10.695370960807505,-27.240134841764185
Guayaba*,PASTO,,11.47843709792471,6.8370599386440745,-3.851314287408636,-9.83939643325037
Guayaba*,PEREIRA,,40.43929499822929,20.900984160312852,14.828740833138387,1.0052647718579388
Guayaba*,POPAYÁN,,42.926879084967325,14.53037866287934,11.598140686802916,2.86057033685565
Guayaba*,SAN JOSÉ DE CÚCUTA,,inf,28.72928273132287,25.500450253956018,4.400376474351897
Guayaba*,SANTA MARTA,,,inf,-100.0,
Guayaba*,TUNJA,,33.631255022879735,23.64820161151875,6.514628004923062,-8.255867624213986
Guayaba*,VILLAVICENCIO,,26.22221998246268,14.9797588548227,20.799711465161973,3.629723393637918
Habichuela,ARMENIA,,45.222040900416374,2.9062259973277493,12.529314505924116,4.145409999719107
Habichuela,BARRANQUILLA,,38.488314124646195,-1.8644923448344675,14.341166801401206,9.288294093636829
Habichuela,"BOGOTÁ, D.C.",,58.49797367497609,-4.90198376662393,8.283912286424112,13.419633647561291
Habichuela,BUCARAMANGA,,67.27100214359487,-4.154425218708402,6.490087878061268,-6.538562720134589
Habichuela,CALI,,42.61293813287852,14.626099435443042,10.043290927249027,2.54711760006483
Habichuela,CARTAGENA DE INDIAS,,47.35514050351202,-3.076255036978237,16.420008343171677,11.533396351667546
Habichuela,CÚCUTA,,58.558780073245956,-100.0,,
Habichuela,IBAGUÉ,,63.017105751391455,-11.200224748085274,11.206358353743461,14.944912875434536
Habichuela,MANIZALES,,68.45432630637569,-10.27297892910114,12.727293197886613,3.859238293674583
Habichuela,MEDELLÍN,,40.48302262612429,-20.480145033892626,9.159191584357519,28.90650326475479
Habichuela,MONTERÍA,,34.953846153846136,-6.301601351895069,7.514939486211247,18.71716505862846
Habichuela,NEIVA,,67.03270546815365,-5.943927403892779,9.105719054279259,19.98909971528655
Habichuela,PASTO,,34.97909396866283,7.4188467065510855,-6.408498440560562,32.38262725369581
Habichuela,PEREIRA,,64.743751167963,-7.26037314733593,14.632817173302781,3.402847368686901
Habichuela,POPAYÁN,,62.10723839182337,3.5059933047766556,1.5778330111387184,25.95036129437638
Habichuela,SAN JOSÉ DE CÚCUTA,,inf,-19.47242640057889,7.8528600657965075,11.33328569009362
Habichuela,SANTA MARTA,,29.555693223710033,0.9150046117221811,6.9336146694657375,28.14811568799298
Habichuela,SINCELEJO,,41.53709205610865,-9.092236065241742,10.925776945928467,12.756433330105853
Habichuela,TUNJA,,62.38519270533105,-8.269429561372943,9.135611792362086,13.801109354236619
Habichuela,VALLEDUPAR,,32.8520130189341,-2.825986985154527,15.593497088345675,8.631355164854448
Habichuela,VILLAVICENCIO,,70.64033906802007,-5.155276567089739,6.706368768143922,13.147308919352252
Limón Común,ARMENIA,,54.17889445751776,6.859364321858097,-19.57215994719379,-2.1507310413430347
Limón Común,BARRANQUILLA,,108.97640907977681,9.206743554359175,-8.856620100832057,-8.431625831268452
Limón Común,"BOGOTÁ, D.C.",,70.03942085765821,-20.179122409414852,-26.386170939777397,-27.93194588752863
Limón Común,BUCARAMANGA,,60.171913969623404,-3.835341387208746,-19.853831005858158,-0.3693767380991475
Limón Común,CALI,,86.53571906733617,-16.480751873561218,-31.15937925761848,-37.094867114811024
Limón Común,CÚCUTA,,79.46918639832754,-100.0,,
Limón Común,IBAGUÉ,,102.82902609613424,-16.675199818672613,-39.84228211571404,-25.790899439328275
Limón Común,MEDELLÍN,,52.45248401320413,-23.312342990789126,-22.829935848851157,-14.623214866245583
Limón Común,MONTERÍA,,49.404165945718105,-1.28381807802892,-8.05687427980395,-9.405501648896086
Limón Común,NEIVA,,76.44309653818222,-8.617171350703611,-38.16924604898214,-24.88618480892042
Limón Común,PASTO,,-100.0,,,
Limón Común,PEREIRA,,67.94035035712851,-9.107963477475444,-24.17816363336387,-9.73956991288859
Limón Común,SAN JOSÉ DE CÚCUTA,,inf,-12.88198736224675,-14.244900170253716,-10.657214213333077
Limón Común,SANTA MARTA,,-100.0,,,
Limón Común,SINCELEJO,,49.001093902930506,0.0814197394568339,-14.221104240822113,-8.915830803026159
Limón Común,TUNJA,,45.90668545128824,-100.0,,inf
Limón Común,VALLEDUPAR,,40.680143240461476,-1.799551481889472,-15.059319959337792,-17.8382112979252
Limón Común,VILLAVICENCIO,,65.15095328479015,-4.8828793716396035,-18.003321323989198,0.05317259126962348
Limón Tahití,ARMENIA,,59.18502529607772,0.5827706465430182,-47.37551195464963,2.2858862709217664
Limón Tahití,BARRANQUILLA,,81.55414522338475,-6.198843388251563,-23.718448266693702,26.263547346332583
Limón Tahití,"BOGOTÁ, D.C.",,79.03889748916902,3.80980161346558,-26.87299152020709,-14.751877817035375
Limón Tahití,BUCARAMANGA,,124.61209551952051,-7.926132406877217,-35.318998826656326,46.21871334137844
Limón Tahití,CALI,,92.60496640432139,-8.845928049981799,-23.391737623203003,-13.257156035109297
Limón Tahití,CARTAGENA DE INDIAS,,95.1181470157834,0.9324675127711846,-20.629262644474565,28.4761224605681
Limón Tahití,CÚCUTA,,83.30290248601094,-100.0,,
Limón Tahití,IBAGUÉ,,106.92915097073312,-13.319061267706257,-22.805283151641063,-17.62967019399374
Limón Tahití,MANIZALES,,100.24923647342602,-10.122529774941945,-26.23463530973993,-19.800346035290428
Limón Tahití,MEDELLÍN,,85.32487191885527,-8.323955155081952,-33.65301262740369,21.308157573546737
Limón Tahití,NEIVA,,72.36541158531804,-3.5929917616521867,-22.00981441993426,-21.670665693945136
Limón Tahití,PASTO,,41.64991843367423,2.399959013321995,-27.273214013894666,0.5276948499538969
Limón Tahití,PEREIRA,,86.54631697260109,-6.101885687413111,-28.286255514407046,0.23387563937036226
Limón Tahití,SAN JOSÉ DE CÚCUTA,,inf,7.85655844525186,-21.6184429206703,4.5208702739843565
Limón Tahití,SINCELEJO,,-100.0,,,
Limón Tahití,TUNJA,,89.53425647284945,-7.4578649976836715,-33.40270791508675,17.872190001640618
Limón Tahití,VILLAVICENCIO,,82.40771838805834,-1.772901760955481,-23.233531142947072,-3.8814071313001963
Lulo,ARMENIA,,64.20090889482329,-6.032340949956905,18.26197302893229,9.375215830954641
Lulo,BARRANQUILLA,,65.11130258467483,-6.873272886822046,17.62473363678776,0.4623752505708234
Lulo,"BOGOTÁ, D.C.",,89.24496552887156,-7.681749758245083,13.559339375198043,2.7285706282641264
Lulo,BUCARAMANGA,,93.15009713437247,-10.756329219634397,17.964982750349655,3.9831352245693674
Lulo,CALI,,86.46338030593452,-10.516501486519648,17.19976915637773,7.4221428079335405
Lulo,CARTAGENA DE INDIAS,,55.14226293139537,-5.17296873703833,19.013485876707172,2.6486496310764718
Lulo,CÚCUTA,,64.90758305244782,-100.0,,
Lulo,IBAGUÉ,,96.03847545380826,-8.10661365426375,14.202159230478184,2.249258508072649
Lulo,MANIZALES,,88.25286353037858,-9.785935771303167,23.818304028055138,-8.14072751022893
Lulo,MEDELLÍN,,92.85821695269824,-10.350232852340302,19.760608775243927,-0.4968490433979067
Lulo,MONTERÍA,,58.9292536257517,0.5009046238789949,16.697248319085034,3.7438484540913697
Lulo,NEIVA,,108.76287272499087,-11.32020000322288,11.917910694655465,2.4976028451404675
Lulo,PASTO,,99.02178232800958,-14.91206727040375,7.070786855818834,10.540543530049295
Lulo,PEREIRA,,83.32573323235226,-7.878725254386865,21.603373845926342,0.7680349102894946
Lulo,POPAYÁN,,109.08404576581172,-10.666954072113978,11.117963235416472,7.370590929912968
Lulo,SAN JOSÉ DE CÚCUTA,,inf,8.96322753149883,17.469192272268263,-5.86165314983772
Lulo,SANTA MARTA,,75.72971511285729,-12.574978577549278,15.128644939965685,11.229354673931557
Lulo,SINCELEJO,,77.66047528415649,-5.827906268607874,18.112140596505434,-0.5979813241672294
Lulo,TUNJA,,65.37140227493275,-7.744225470676769,16.01414006735262,4.54910861972877
Lulo,VALLEDUPAR,,57.58672912838367,-3.1644859990877183,19.871199865559674,-3.9738839087871902
Lulo,VILLAVICENCIO,,94.26808855275533,-7.181372038201983,15.161138805301967,-0.33115619761653337
Mandarina*,ARMENIA,,56.66968647908712,-9.748064961911428,29.624299186750026,-2.2044586517356524
Mandarina*,BARRANQUILLA,,75.70486190680445,8.988686833581117,10.319060277034996,13.367724732550613
Mandarina*,"BOGOTÁ, D.C.",,38.97612442672824,12.302153252657044,10.660665588952,21.01743029088057
Mandarina*,BUCARAMANGA,,120.67834351531191,8.854353011225967,-11.366421502498426,44.9092910426175
Mandarina*,CALI,,37.9619668258028,5.816037167360566,40.740631252022766,-4.0230824438097335
Mandarina*,CARTAGENA DE INDIAS,,91.73379066552332,-35.239704409649875,28.11148243693975,34.809128579985085
Mandarina*,CÚCUTA,,140.53448285883272,-100.0,,
Mandarina*,IBAGUÉ,,118.80131362889985,7.4158190974622284,31.367898510755655,-20.22504933450897
Mandarina*,MANIZALES,,74.01127819548871,-2.0683453237410054,14.820746815109054,-16.941474050273463
Mandarina*,MEDELLÍN,,38.81448678257182,10.605946529052023,31.190208956015276,-11.975820406436144
Mandarina*,MONTERÍA,,31.475283708405442,23.615216674195306,5.882003902594635,-6.695280888829269
Mandarina*,PEREIRA,,75.11449134599681,0.4362157128937616,17.721052432733163,1.3061007683107473
Mandarina*,POPAYÁN,,56.77840730248662,6.163529394504019,28.39787988163758,3.9639165075393334
Mandarina*,SAN JOSÉ DE CÚCUTA,,inf,116.4666117584579,-3.82004828586181,18.937681635329675
Mandarina*,SANTA MARTA,,-100.0,inf,15.756605952051682,30.066728990039017
Mandarina*,SINCELEJO,,56.27302631578948,-6.9298446341014674,21.707790407540916,10.238895216400913
Mandarina*,TUNJA,,84.70305121498676,-1.5489941877157687,11.210131844965332,18.054818016355245
Mandarina*,VALLEDUPAR,,55.63563773902081,0.40638881013137507,26.178627553693023,-6.836274001037889
Mandarina*,VILLAVICENCIO,,53.34752367384566,26.859343886534546,14.905498312824704,20.275323314359216
Mango tommy,ARMENIA,,63.49797161071251,-42.85185721409842,43.86247109681312,2.064989517819704
Mango tommy,BARRANQUILLA,,72.05826110722298,9.35830639636086,2.4154208259977494,-27.44935203030504
Mango tommy,"BOGOTÁ, D.C.",,38.15942131183743,-4.261774937786056,-9.399317820278263,-21.268557973109424
Mango tommy,BUCARAMANGA,,38.574250187963074,13.140486221494928,-10.90289433495858,-29.848089391387745
Mango tommy,CALI,,36.65132204100787,14.240618288525852,-19.409353097480274,-21.51385705777409
Mango tommy,CARTAGENA DE INDIAS,,inf,56.834297633822196,24.23516736634841,-29.924091771684413
Mango tommy,CÚCUTA,,43.283185503858725,-100.0,,
Mango tommy,IBAGUÉ,,29.044871794871785,80.96544556233593,-12.023140504684914,-9.89109158028877
Mango tommy,MANIZALES,,22.363463840588693,1.825360247558816,0.0942535591536453,-20.55617600431663
Mango tommy,MEDELLÍN,,31.38264712239338,7.711760194032524,-14.320097128707443,-26.923035224476077
Mango tommy,MONTERÍA,,inf,-29.51653944020356,48.41374029099661,-24.531297398285933
Mango tommy,NEIVA,,48.870769437876405,26.10358293531567,-13.217789270615288,0.954038618438946
Mango tommy,PASTO,,8.35190518114759,7.76684164479442,-1.9527077876909327,-28.49629357945549
Mango tommy,PEREIRA,,75.29664991261473,12.76121603565894,-9.935526679304129,-15.176180578314803
Mango tommy,POPAYÁN,,41.7779041151366,10.190979679055644,-3.026320300803431,-20.545426689137436
Mango tommy,SAN JOSÉ DE CÚCUTA,,inf,53.845508411087664,5.558876777288502,-23.79303062525292
Mango tommy,TUNJA,,-0.2289897213957226,17.178880398220574,-9.601064394000957,-23.000158116045732
Mango tommy,VILLAVICENCIO,,30.681649633809993,3.7618820581210466,0.866079298870126,-23.75076571199194
Maracuyá,ARMENIA,,31.272530401029442,-5.901841624696591,17.037141578797744,-7.597312040698833
Maracuyá,BARRANQUILLA,,-100.0,,,
Maracuyá,"BOGOTÁ, D.C.",,25.92468088631714,9.612476438742812,4.23055597507247,-7.624835837738009
Maracuyá,BUCARAMANGA,,51.815302456673294,8.791482458541978,2.2669112834104777,-6.340250678528625
Maracuyá,CALI,,40.675458194169224,11.896681934391262,1.9425826367909682,-15.044153654387948
Maracuyá,CÚCUTA,,36.355326702366185,-100.0,,
Maracuyá,IBAGUÉ,,67.66998866618236,12.704335748058027,-4.521115404932019,-4.916915486253027
Maracuyá,MANIZALES,,58.34402452533685,10.389029864108124,-2.580007209026791,0.42408848191792803
Maracuyá,MEDELLÍN,,38.30788997078105,7.929753087801261,3.1155828308498945,-7.114342938495833
Maracuyá,MONTERÍA,,-100.0,,,
Maracuyá,PASTO,,63.72159636824208,13.508637519912337,-3.4188288723439264,-13.582209434955184
Maracuyá,PEREIRA,,41.77100927757911,18.436190696130538,-0.8269277321417912,-8.119765559900038
Maracuyá,POPAYÁN,,62.85907198700373,15.55655583326423,3.689178482143829,-15.24773203070482
Maracuyá,SAN JOSÉ DE CÚCUTA,,inf,0.8663264855591324,10.107931326661102,-2.4804569169867507
Maracuyá,SANTA MARTA,,-5.795470234203015,15.413269093516169,-4.421844472757208,10.851155833752756
Maracuyá,TUNJA,,47.05968252137329,8.348413741171479,5.511488221538707,-4.745468177655409
Maracuyá,VILLAVICENCIO,,51.968480959202836,11.01856513655266,4.048307212158209,-9.348847992164055
Mora de Castilla,ARMENIA,,44.948602469863005,0.9770198537447206,8.528689979262216,3.39244891218089
Mora de Castilla,BARRANQUILLA,,49.84288962085359,3.635599870546402,16.61421454150378,-5.603001236524941
Mora de Castilla,"BOGOTÁ, D.C.",,57.57462417415251,11.456187887677682,9.373937441863166,-3.7858451920694147
Mora de Castilla,BUCARAMANGA,,54.30559605086531,0.7850612502004806,13.379136325224806,-6.9719585058808375
Mora de Castilla,CALI,,51.94099578917477,6.474786251502196,14.5280682573812,-9.586106351312207
Mora de Castilla,CARTAGENA DE INDIAS,,60.69029993358763,1.5725668217706046,11.588001152504045,-6.93475003037708
Mora de Castilla,CÚCUTA,,72.92376955934566,-100.0,,
Mora de Castilla,IBAGUÉ,,64.15788214127132,7.551572609233248,3.756656488000387,-3.1276724366724573
Mora de Castilla,MANIZALES,,53.662494149864905,3.7386060352136763,19.40627673323878,-15.711903995979437
Mora de Castilla,MEDELLÍN,,55.59213371789833,2.3269538839162385,7.614432115354064,-10.944071699852309
Mora de Castilla,MONTERÍA,,46.91665682978776,5.392964438600645,9.715643390008989,-9.20337895962331
Mora de Castilla,NEIVA,,85.7621017818668,-4.033963752281511,15.599085270081092,-29.170036460668967
Mora de Castilla,PASTO,,59.618711793228954,-4.372592082292126,14.997666156509926,7.689993886612156
Mora de Castilla,PEREIRA,,54.32089839781793,4.878519329805053,12.616491694258535,-6.9612580465108875
Mora de Castilla,POPAYÁN,,67.24351241474953,-6.2537678144341635,6.7222736281623785,-0.9216687322085027
Mora de Castilla,SAN JOSÉ DE CÚCUTA,,inf,26.66569255630189,12.550461737414832,-6.40657924939152
Mora de Castilla,SANTA MARTA,,49.13486615206539,4.091450091485616,13.025531803541313,-6.559299140809671
Mora de Castilla,SINCELEJO,,27.79780358461941,3.093499868062266,18.476134982903545,-1.5602855647654623
Mora de Castilla,TUNJA,,47.09815580165164,21.960473794095225,17.545500523651803,-9.399122157929973
Mora de Castilla,VALLEDUPAR,,42.31034956627797,-1.5867651719849496,15.069770100538404,-5.769245466147998
Mora de Castilla,VILLAVICENCIO,,66.29811812233459,14.460402902874158,11.940037686868465,-13.662069096366803
Naranja*,BARRANQUILLA,,54.48744212254324,14.354778728151718,-16.83636363636364,-6.307166504555473
Naranja*,"BOGOTÁ, D.C.",,54.57689841390019,9.610576435290552,4.568183517733582,-8.684279037896292
Naranja*,BUCARAMANGA,,66.08360551524586,6.038133296867199,1.5064847754839183,10.900158364526336
Naranja*,CARTAGENA DE INDIAS,,58.175476172263444,45.31775740514903,-13.674111192065785,39.64784456587736
Naranja*,CÚCUTA,,106.10669798124906,-100.0,,
Naranja*,MANIZALES,,81.49347889731506,2.9485575071828363,0.09839896681085314,-16.99725211512446
Naranja*,MEDELLÍN,,48.58355107583685,14.593078161805085,6.2970706768832985,-6.572775023246768
Naranja*,MONTERÍA,,83.53813931081568,10.092640661297093,1.3701072680232018,-1.122777591992441
Naranja*,PASTO,,-100.0,,,
Naranja*,PEREIRA,,81.3613764255638,10.267127407053334,-4.949069940845751,6.834522825508116
Naranja*,SAN JOSÉ DE CÚCUTA,,inf,71.45832382440001,-2.861097523508327,-8.60466656906821
Naranja*,SANTA MARTA,,10.2661596958175,-6.896551724137934,51.23456790123455,-100.0
Naranja*,SINCELEJO,,80.43493997366329,8.832807502753148,-3.8048319763601013,-5.234790652863608
Naranja*,TUNJA,,55.560528682019154,11.777678460219665,4.850511985447281,2.4237709559596032
Naranja*,VALLEDUPAR,,68.41408425130129,11.653195016297001,4.4841739012523085,21.999795249462515
Naranja*,VILLAVICENCIO,,55.73976963138072,4.637766897335505,11.432296133658104,-4.271729811703995
Papa criolla,ARMENIA,,46.11059584721957,21.23751804677727,18.901809263278004,-29.76073843436624
Papa criolla,BARRANQUILLA,,-100.0,,,
Papa criolla,"BOGOTÁ, D.C.",,47.457957744267354,23.4688058687186,21.953985726836645,-29.609765280788036
Papa criolla,BUCARAMANGA,,51.35453485498789,32.298117015672155,5.473715502514853,-22.656625060009606
Papa criolla,CALI,,91.53099495517097,46.09806851637077,-4.331925593542918,-50.09239124515808
Papa criolla,CARTAGENA DE INDIAS,,52.25975975975976,26.46841291617481,18.98971726112555,-22.837410990237505
Papa criolla,CÚCUTA,,60.34428499994604,-100.0,,
Papa criolla,IBAGUÉ,,59.51544374839437,28.313394545475212,10.924767860526806,-37.30542915272137
Papa criolla,MANIZALES,,53.71722095868887,30.04517633176418,10.75674436934042,-30.065060063103456
Papa criolla,MEDELLÍN,,38.69706879188979,32.764003979017176,11.642183888884539,-52.91867133398371
Papa criolla,MONTERÍA,,28.197799056738603,32.02582866982351,9.563008873866274,-33.66151363229293
Papa criolla,PASTO,,126.02281741745989,31.574029800629376,-1.7126368460702701,-55.48573214327648
Papa criolla,PEREIRA,,55.808478439796616,26.383504349813514,4.7045534283465695,-34.77536497646756
Papa criolla,POPAYÁN,,96.4193089827897,41.81525300217401,-5.507109496800688,-52.879812743056185
Papa criolla,SAN JOSÉ DE CÚCUTA,,inf,13.3389918868845,-3.400489207797397,-15.246206189090605
Papa criolla,SINCELEJO,,27.86851234755381,32.223742837410676,13.571481739328405,-36.708001639640756
Papa criolla,TUNJA,,68.84475189655006,32.243174536348285,16.481222998879687,-30.059373677353662
Papa criolla,VALLEDUPAR,,41.28301959623772,35.21278615477097,-0.7622115975748023,-7.291058551253871
Papa criolla,VILLAVICENCIO,,63.828122407066765,35.310819387380185,19.507841672890216,-40.068460526751
Papa negra*,ARMENIA,,127.33699765005775,0.547439514226089,17.122078209814994,-27.650587466199962
Papa negra*,BARRANQUILLA,,154.18001306681083,-4.831630475920202,10.95581980624669,-9.097223534885757
Papa negra*,"BOGOTÁ, D.C.",,92.64055778130485,-5.00188467035525,25.298967983678587,-21.921201330166916
Papa negra*,BUCARAMANGA,,112.81510232591212,-4.655989340400335,23.687267036884506,-19.193476508794383
Papa negra*,CALI,,150.069313957781,-10.776832396644064,25.25081786275787,-34.470186303550975
Papa negra*,CARTAGENA DE INDIAS,,173.55235418818492,-2.006685625672733,8.228443054423717,-22.91688074543111
Papa negra*,CÚCUTA,,301.54365269142886,-100.0,,
Papa negra*,IBAGUÉ,,-100.0,,,
Papa negra*,MANIZALES,,150.98422159696136,-9.509982803783167,24.763030131778365,-22.576225697098007
Papa negra*,MEDELLÍN,,117.31017114443864,-11.905341720402173,21.90632785402147,-15.429193411645148
Papa negra*,MONTERÍA,,117.7888758382676,-10.877875033795537,23.96955909401768,-14.591703260768007
Papa negra*,PASTO,,-100.0,,,
Papa negra*,PEREIRA,,167.35022913822752,-14.473084544376047,21.769520086878092,-20.617744462831354
Papa negra*,POPAYÁN,,123.72724207687122,-10.093056549749468,17.557137504683396,-38.01631820499745
Papa negra*,SANTA MARTA,,-100.0,,,
Papa negra*,SINCELEJO,,,inf,35.725972705666905,-15.835570984952751
Papa negra*,TUNJA,,-100.0,,,
Papa negra*,VALLEDUPAR,,175.29743440020434,-12.7545322861501,27.994325892002436,-17.43614045751196
Papa negra*,VILLAVICENCIO,,120.17948096046567,-4.295806355704713,25.4356584374154,-20.0060538112127
Papaya maradol,ARMENIA,,64.8796678133658,-6.242102805171223,-35.221740744361476,85.83855616513354
Papaya maradol,"BOGOTÁ, D.C.",,-100.0,,,
Papaya maradol,BUCARAMANGA,,38.53544134786397,15.052219227313568,-20.76617472041785,-100.0
Papaya maradol,CALI,,73.17292819476936,0.2980853001093964,-20.424570187384095,76.62985585145373
Papaya maradol,CÚCUTA,,25.069551295958203,-100.0,,
Papaya maradol,IBAGUÉ,,50.24559325576534,-100.0,,
Papaya maradol,MANIZALES,,68.67899373985627,8.0358452736075,-10.255858955063424,66.25372755714649
Papaya maradol,MEDELLÍN,,39.338294069416,8.8883758937105,-11.265778007142258,60.702649635341
Papaya maradol,NEIVA,,51.16332526684313,16.339486773707335,-23.276392119122093,-100.0
Papaya maradol,PASTO,,78.91474053956502,-10.132732734597482,-22.016855270423076,81.63743572968303
Papaya maradol,PEREIRA,,59.378199792190614,3.01306073005716,-18.265485276503814,75.40132045248684
Papaya maradol,POPAYÁN,,71.36740331491711,4.912239368594662,-27.141429219341006,69.42174732872405
Papaya maradol,SAN JOSÉ DE CÚCUTA,,inf,20.09369802052241,-13.038107394176768,26.128279570898627
Papaya maradol,TUNJA,,22.971448579804132,9.673171830573901,-10.405058068322582,49.4989600225622
Papaya maradol,VALLEDUPAR,,19.274412296564194,-100.0,,
Papaya maradol,VILLAVICENCIO,,-100.0,,,
Pepino cohombro,ARMENIA,,33.09602085859191,67.92863315018248,-3.9523666412940917,-22.22395521524613
Pepino cohombro,BARRANQUILLA,,29.188792392054363,10.872895600480614,13.788916170727372,-0.8211067635550684
Pepino cohombro,"BOGOTÁ, D.C.",,14.97567660815764,22.317363105306654,11.06003991737079,-4.316892477411349
Pepino cohombro,BUCARAMANGA,,56.037836033105634,-1.988212124921307,16.381208048262042,-16.490304566530757
Pepino cohombro,CALI,,61.327276336439304,3.100808746557049,10.72575742769648,-16.70104995961693
Pepino cohombro,CARTAGENA DE INDIAS,,39.04190300975245,6.587463035166041,17.375368178107053,-3.627041127171937
Pepino cohombro,CÚCUTA,,18.800819444354676,-100.0,,
Pepino cohombro,IBAGUÉ,,39.228494925814125,13.627376231508737,6.433115753838514,4.7094399016822885
Pepino cohombro,MANIZALES,,33.63102157278992,10.9885084267775,8.072174104668473,13.500221173882654
Pepino cohombro,MEDELLÍN,,27.52507752783291,12.94604538401558,1.3486710649867728,-6.097962185280514
Pepino cohombro,MONTERÍA,,44.81152083190807,9.00363410809284,11.712391798234245,2.0966959647510386
Pepino cohombro,NEIVA,,32.8624377720933,13.234163529573962,10.63525179807636,-12.35754204803503
Pepino cohombro,PASTO,,-11.015040434434809,0.10689899998526098,12.481421482663979,11.278082095862896
Pepino cohombro,PEREIRA,,51.0126507598041,10.388765150745227,7.367219297800398,-5.9109943380294965
Pepino cohombro,POPAYÁN,,63.690348264816365,-16.631677056943605,-13.122786928792285,17.439123220005403
Pepino cohombro,SAN JOSÉ DE CÚCUTA,,inf,-11.131492521412056,3.386154533080288,-3.089486928785523
Pepino cohombro,SANTA MARTA,,22.341825081163535,18.315765819504204,10.494228120007687,4.749669212677654
Pepino cohombro,SINCELEJO,,32.59926966017552,14.246659830008056,9.510190722285872,0.8264188295943109
Pepino cohombro,TUNJA,,31.981121102599317,17.798745679916106,8.713001664122189,-2.5898663099001795
Pepino cohombro,VALLEDUPAR,,30.8211540854318,12.763619536409898,7.877767717857487,-1.0098668885576978
Pepino cohombro,VILLAVICENCIO,,27.712908945077608,18.13593096406574,10.564760932846173,-2.204393756487988
Pimentón,ARMENIA,,29.95064790826445,18.469693977119395,13.047048094990664,14.234727686333116
Pimentón,BARRANQUILLA,,50.281759608498476,5.938448034438393,1.8685111855384795,-1.9226807087175724
Pimentón,"BOGOTÁ, D.C.",,32.166553904211995,5.4267888186552815,18.636126019264765,16.306711342897472
Pimentón,BUCARAMANGA,,76.7806752874743,4.988868391333856,-8.255996894772078,2.006861072239041
Pimentón,CALI,,39.21535361054034,17.860429780277155,-4.792541581279197,22.3401860369429
Pimentón,CARTAGENA DE INDIAS,,53.88916635955931,3.8974105966425254,1.1785959569068138,10.90045191493374
Pimentón,CÚCUTA,,32.80907660705823,-100.0,,
Pimentón,IBAGUÉ,,21.75232868146699,11.44477369124397,10.52994582260367,5.409259102665409
Pimentón,MANIZALES,,55.12043296259668,7.340624543797691,4.6107920608837505,28.39748023751525
Pimentón,MEDELLÍN,,66.88696601231084,-1.812829535995808,-11.386384492305545,29.19670591412171
Pimentón,MONTERÍA,,56.66043911929097,8.142919013781501,-13.454251069985057,25.229494325888325
Pimentón,NEIVA,,22.181311367862676,12.864686836861527,6.654970292273066,0.43204113012487166
Pimentón,PASTO,,55.820755275730136,2.8805736667383064,7.565538608247735,16.753531354470862
Pimentón,PEREIRA,,61.94445744332371,8.537245929868064,3.2660069042875994,20.525456120266796
Pimentón,POPAYÁN,,21.312132065075538,-5.2029583951121445,-6.323394364057178,15.727136882853788
Pimentón,SAN JOSÉ DE CÚCUTA,,inf,-22.765626896468017,2.944568469165665,7.297939992741487
Pimentón,SANTA MARTA,,45.07401460870015,15.836969327803608,0.5467769484051699,0.38495063516579275
Pimentón,SINCELEJO,,65.67813127389515,9.224685261473065,-14.851145785728281,19.221861529215566
Pimentón,TUNJA,,32.75524577329711,4.874136670126394,5.476688498292526,9.706983514111634
Pimentón,VALLEDUPAR,,36.79946074161613,8.018734642015524,-2.2216671743040206,4.8760708454083534
Pimentón,VILLAVICENCIO,,22.947547470479222,7.62302508095043,9.508879696349947,0.7808256034332661
Piña *,ARMENIA,,2.5066238385598183,56.25825226341339,17.22033575735722,-24.089530034476358
Piña *,BARRANQUILLA,,0.29556955014953257,66.29410325444492,19.65069006500608,-15.428432378967027
Piña *,"BOGOTÁ, D.C.",,13.22210316852901,64.3578253591854,5.028583411222076,-33.23276083795427
Piña *,BUCARAMANGA,,0.674616393933003,82.81062077898046,17.599657427592664,-36.16023186614733
Piña *,CALI,,6.321015462264268,60.78138490245885,3.617248918853311,-22.996557613039936
Piña *,CARTAGENA DE INDIAS,,,,,inf
Piña *,CÚCUTA,,2.4548507393873598,-100.0,,
Piña *,IBAGUÉ,,18.892631526777958,58.854700110317594,0.7118766941840438,-19.006644337792512
Piña *,MANIZALES,,8.242874298293334,67.4802137548884,5.7255563473818105,-14.277937324179145
Piña *,MEDELLÍN,,1.225303768384256,71.4168542531136,-0.8399614975429293,-22.381368401692114
Piña *,MONTERÍA,,-3.8789454228920994,41.302295605762154,45.51755814439018,9.281045751633975
Piña *,NEIVA,,33.50492836904906,36.12315050067254,20.586297760210815,-100.0
Piña *,PASTO,,3.420752823681883,57.67507401352332,-100.0,
Piña *,PEREIRA,,4.861864698204266,67.78864413696957,5.74042902025278,-21.924745673164047
Piña *,POPAYÁN,,12.191310997116279,58.93459879745377,-2.0192843244731695,-18.068592057761723
Piña *,SAN JOSÉ DE CÚCUTA,,inf,27.081169821943508,28.435347073816274,-100.0
Piña *,SANTA MARTA,,0.041067761806967695,90.47619047619047,-100.0,
Piña *,SINCELEJO,,inf,29.46245542107775,-100.0,
Piña *,TUNJA,,-6.5580939484923935,79.8385138416707,35.10796311951394,-20.08351574160092
Piña *,VALLEDUPAR,,4.4657296455699935,43.301472233941205,21.196792832380428,-16.031081494952037
Plátano guineo,"BOGOTÁ, D.C.",,-17.08910771026748,17.542004372084953,38.226122035606465,56.75769469490353
Plátano guineo,MEDELLÍN,,34.099504317707584,9.971181878120984,18.574576064189884,-19.54126436908893
Plátano guineo,NEIVA,,-12.612078769823132,12.161332633788046,25.91563652352924,35.87301587301588
Plátano guineo,VILLAVICENCIO,,6.325910188074846,1.6831585877543853,3.0193246395165296,19.752846287507463
Plátano hartón verde,ARMENIA,,41.871228698362195,44.794944676001556,-20.379862316733053,-12.743602930976506
Plátano hartón verde,BARRANQUILLA,,64.81415337049098,32.27741972393356,-42.5215848444161,-9.93478698423348
Plátano hartón verde,"BOGOTÁ, D.C.",,92.47127448935906,8.248884318261162,-27.496361159728423,9.35172348820641
Plátano hartón verde,BUCARAMANGA,,100.69380890778046,13.978395318387427,-26.455934730035725,7.193491333569169
Plátano hartón verde,CALI,,61.9726253552563,28.15876162584148,-16.255027432552836,-15.137875343940665
Plátano hartón verde,CARTAGENA DE INDIAS,,72.27977566216157,30.43671769480163,-43.16183826274636,-2.8690469514783934
Plátano hartón verde,CÚCUTA,,110.11521831444058,-100.0,,
Plátano hartón verde,IBAGUÉ,,65.26282794452317,19.780356022407087,-19.706311515700413,-2.6298601135673394
Plátano hartón verde,MEDELLÍN,,66.14499589299099,26.806067647033572,-16.04782267092053,-18.99225465413583
Plátano hartón verde,MONTERÍA,,82.13440768043887,32.40991593316514,-47.805013452506984,-6.556775728523645
Plátano hartón verde,NEIVA,,52.90968491526593,11.619259695179851,-5.231369022907984,-5.0994545113932315
Plátano hartón verde,PASTO,,88.67769755993523,0.02432978140820552,14.09647295621037,-100.0
Plátano hartón verde,PEREIRA,,68.38412331110113,27.291524138496737,-14.541904947962013,-20.109858073217012
Plátano hartón verde,POPAYÁN,,53.25727808537239,15.344163171453529,-29.775009396982234,-5.610454917553498
Plátano hartón verde,SAN JOSÉ DE CÚCUTA,,inf,-21.24550448222203,-22.790334236450793,-4.975593883249097
Plátano hartón verde,SANTA MARTA,,43.66084686630683,47.42096287550832,-62.355542026951724,0.5497551294068703
Plátano hartón verde,SINCELEJO,,73.21833679699719,32.42198585225336,-45.94872278174201,-1.2026233564447875
Plátano hartón verde,TUNJA,,92.72144200748183,7.952177694784268,-30.358437384571303,0.28951200691580414
Plátano hartón verde,VALLEDUPAR,,79.98594450762859,32.047545829876476,-43.30343690228873,-2.1270865539474215
Plátano hartón verde,VILLAVICENCIO,,95.31536712705444,4.448262594717378,-21.84474776020684,5.76604545495687
Remolacha,ARMENIA,,33.25610049432288,11.466491055668726,-28.56053472587261,-3.3988351239600867
Remolacha,BARRANQUILLA,,49.13535031907437,-19.082651168450226,-10.48996044324374,1.9765587885985703
Remolacha,"BOGOTÁ, D.C.",,44.62962152468219,-29.82675200337467,-1.8326314666679222,-9.727148061971025
Remolacha,BUCARAMANGA,,18.567719858208953,-18.0785795651195,-23.724151726552144,24.655321065585678
Remolacha,CALI,,42.54692919655929,-20.23287361650967,-4.207331546452242,-10.814900854559028
Remolacha,CARTAGENA DE INDIAS,,45.86936801119861,-16.19207919877915,-9.243840284249771,0.22697396329331987
Remolacha,CÚCUTA,,30.05434440881367,-100.0,,
Remolacha,IBAGUÉ,,22.3315756722235,-13.674965872987121,-0.7261240045074113,-1.8332825743490933
Remolacha,MANIZALES,,27.840684010800643,-19.38922465508426,-11.168317625897606,4.078054027422717
Remolacha,MEDELLÍN,,52.676679097961895,-15.919367278981955,-24.205516151263485,-8.210054735756334
Remolacha,MONTERÍA,,25.909785489081028,-3.3043734483812703,-20.115027246231588,7.161058901819484
Remolacha,NEIVA,,28.32009636167605,-22.97166908547066,-7.152141120033651,-1.8628954937679798
Remolacha,PEREIRA,,41.37918164031746,-15.8376813388726,-12.764755259064275,-4.950289202228331
Remolacha,SAN JOSÉ DE CÚCUTA,,inf,-32.76398846842212,3.2340223179477157,0.18045613589179332
Remolacha,SANTA MARTA,,33.153248265264956,-15.024374776160698,-9.270261304178051,0.8540179852433161
Remolacha,SINCELEJO,,23.98261170490661,-0.498709675503195,-20.722728699136617,-0.22389062196815912
Remolacha,TUNJA,,44.22206726333655,-26.917318367209518,-9.093536381688827,-3.2608330506794014
Remolacha,VALLEDUPAR,,40.804899477008206,-19.839895106871097,-4.9969210890259514,-3.2004447814126813
Remolacha,VILLAVICENCIO,,34.26822665408087,-21.908138521530475,-11.071163779124404,-8.111633654869388
Tomate de árbol,ARMENIA,,44.01581515135027,-0.3637341769682112,6.831559143838906,-30.43396357959822
Tomate de árbol,BARRANQUILLA,,43.153971672829414,7.996481306384107,-3.883825126332796,-23.35619146745307
Tomate de árbol,"BOGOTÁ, D.C.",,51.09282051049237,3.204239158848643,-1.6643011277486464,-25.44333352678356
Tomate de árbol,BUCARAMANGA,,50.344620049999754,5.9083475720862255,-0.4031285993624789,-27.280262572318648
Tomate de árbol,CALI,,57.136408965094155,2.3697034292561314,-7.1745279846368355,-31.904573111451505
Tomate de árbol,CARTAGENA DE INDIAS,,34.48426082355995,3.4115904502658445,-5.598270493956958,-21.431862144934065
Tomate de árbol,CÚCUTA,,40.148275692062164,-100.0,,
Tomate de árbol,IBAGUÉ,,54.93299756988963,5.7212123286623395,-6.242522645701598,-25.134154400036458
Tomate de árbol,MANIZALES,,63.47394015802723,-2.5659034341092846,-4.828902988932282,-20.087035612767444
Tomate de árbol,MEDELLÍN,,52.52713901140223,1.5664757329828305,-8.213205617787478,-27.20195461628484
Tomate de árbol,MONTERÍA,,44.62695283425766,7.197699015548742,-4.828933205188235,-27.147102223905783
Tomate de árbol,NEIVA,,50.24073785448129,5.629385526677955,-1.894327227869086,-23.619389712986404
Tomate de árbol,PASTO,,87.4021393796297,7.0539061858210905,1.2227839988606215,0.9535182916694973
Tomate de árbol,PEREIRA,,48.74004432424959,5.723341116476188,-1.414518138727472,-21.66848085997075
Tomate de árbol,POPAYÁN,,51.06525680876259,6.501027043234275,4.651358997276467,-13.988143975370892
Tomate de árbol,SAN JOSÉ DE CÚCUTA,,inf,21.782697654897444,-1.8682750379690582,-10.287566053826502
Tomate de árbol,SANTA MARTA,,43.07861081737548,8.997746886578595,-3.2877687175685733,-13.878379455607949
Tomate de árbol,SINCELEJO,,47.012559104015935,5.92787322085746,-7.828403460383759,-28.980075865436095
Tomate de árbol,TUNJA,,37.99400763257077,4.721095160246169,0.667786553192018,-24.735902953006338
Tomate de árbol,VALLEDUPAR,,46.06034306718401,3.5093814271623947,-4.04565783079166,-27.757117829773968
Tomate de árbol,VILLAVICENCIO,,48.23186011984504,6.909908904908235,1.139966853457608,-21.24342676667984
Tomate*,ARMENIA,,44.421098098147624,6.991160950111208,1.3434559337466956,41.096695573065524
Tomate*,BARRANQUILLA,,49.89342745646339,6.373111679038002,-6.574656524217248,42.85768305489472
Tomate*,"BOGOTÁ, D.C.",,46.16629493587367,13.00935416656468,-8.00755916913377,50.0732674108008
Tomate*,BUCARAMANGA,,67.28258104094185,12.265616314952176,-7.263033126460117,33.77371911775637
Tomate*,CALI,,49.8835664993738,12.9076820400593,-12.218720025960483,59.75607703799666
Tomate*,CARTAGENA DE INDIAS,,28.441037246016077,-10.554894285398742,-100.0,
Tomate*,CÚCUTA,,53.75187021626502,-100.0,,
Tomate*,IBAGUÉ,,65.64253121049303,9.389387985878606,-6.438906253989208,61.10404817501745
Tomate*,MANIZALES,,60.96737592650994,8.447361895496375,-10.62680152137948,66.83186522599512
Tomate*,MEDELLÍN,,60.36555990565966,4.386613808137052,-12.78232288459873,57.088234250887204
Tomate*,MONTERÍA,,63.75686985784994,2.6317425509788883,-5.4176433391150525,58.25462955278549
Tomate*,NEIVA,,55.395731767425026,8.182441661270712,-8.966760721814293,57.25765504275151
Tomate*,PASTO,,39.429473972832255,9.75246290238918,-11.20846439570975,60.532279729090675
Tomate*,PEREIRA,,50.8708168513476,15.130587559255515,-7.11758026432795,62.98154061610652
Tomate*,POPAYÁN,,44.715647245935266,22.120184937119557,-8.976028384909164,55.86620069895156
Tomate*,SAN JOSÉ DE CÚCUTA,,inf,-0.7051536486520127,-8.34453673045058,25.091013708593636
Tomate*,SINCELEJO,,59.63124696749149,3.2668574969752395,-10.34473298881753,50.19602218397399
Tomate*,TUNJA,,-100.0,,,
Tomate*,VALLEDUPAR,,63.875574365046695,12.948754151718656,-1.8201482216942622,22.711900739954814
Tomate*,VILLAVICENCIO,,-100.0,,,
Yuca*,ARMENIA,,251.7610876869643,-37.69403193216101,-47.594831958570246,43.041665128981066
Yuca*,BARRANQUILLA,,226.23181376702792,-21.689702254839638,-41.95437141978937,7.560067548992655
Yuca*,"BOGOTÁ, D.C.",,174.31418698308244,-36.29754210636591,-13.746264293139287,-4.177639099030239
Yuca*,BUCARAMANGA,,190.9298116903586,-19.215899075878895,-28.231868325198196,2.645700514062521
Yuca*,CARTAGENA DE INDIAS,,283.4509817128616,-21.618892689686852,-43.37852760051385,12.438359145111866
Yuca*,CÚCUTA,,160.6288576122153,-100.0,,
Yuca*,MANIZALES,,273.0470612310365,-36.44275919805828,-41.43097576035214,45.853427025826775
Yuca*,MEDELLÍN,,214.02612466715095,-35.97695765293837,-27.624173664463104,32.9235377054264
Yuca*,MONTERÍA,,378.2634264858972,-25.205079416487862,-46.60998266144665,12.546377863789736
Yuca*,PEREIRA,,265.34895691216235,-43.700798686022246,-40.76706266077992,47.63912732561333
Yuca*,SAN JOSÉ DE CÚCUTA,,inf,-22.526186581146522,-39.8634787806336,33.07233079657648
Yuca*,SANTA MARTA,,104.18848167539268,14.41758241758242,-100.0,
Yuca*,SINCELEJO,,247.82726312545722,-21.14352463930913,-45.07577534837892,13.32104343531364
Yuca*,VALLEDUPAR,,242.37265745641548,-32.44826177194318,-35.145217106317396,13.20186379913244
Yuca*,VILLAVICENCIO,,281.73624840768,-43.406293419307474,-18.132682649539632,-1.2522930480875494
Zanahoria,ARMENIA,,18.322595928540885,4.513972326297622,20.77417271447124,-11.731701142692897
Zanahoria,BARRANQUILLA,,18.4193049075269,-100.0,,
Zanahoria,"BOGOTÁ, D.C.",,17.176940028347044,-0.6845980570556409,40.83104149786379,-24.675570069594887
Zanahoria,BUCARAMANGA,,20.017423258103495,1.5592763225062756,7.543189069029732,-20.835185295363157
Zanahoria,CALI,,21.403314480085434,3.3767101723842785,20.697224411836036,-18.35251403652395
Zanahoria,CARTAGENA DE INDIAS,,20.121147769576165,7.215538011045619,23.907067976268912,-22.79425977659789
Zanahoria,CÚCUTA,,14.06883497514162,-100.0,,
Zanahoria,IBAGUÉ,,19.805501994631424,-5.1754662555909885,34.210743460681584,-12.434387488472186
Zanahoria,MANIZALES,,-100.0,,,
Zanahoria,MEDELLÍN,,73.42313347883385,-25.977756633842773,43.508410940234896,-11.239595553321035
Zanahoria,MONTERÍA,,55.414732025338424,-16.782602415822456,39.84107231130509,-5.58820621060635
Zanahoria,NEIVA,,15.055052387469825,-5.546077158684659,33.1141717942117,-16.91644222397618
Zanahoria,PASTO,,30.904675406074023,-11.20598172756071,4.493176367322582,9.479855948499516
Zanahoria,POPAYÁN,,42.139186773905294,-6.684147568125464,-1.6644593310304212,13.066118233929892
Zanahoria,SAN JOSÉ DE CÚCUTA,,inf,-29.464289102781592,44.32217853709308,-19.182975329216355
Zanahoria,SANTA MARTA,,11.945555955491782,4.849192925038537,14.338102397522068,-19.004903666955986
Zanahoria,SINCELEJO,,65.51672819600954,-17.17483905161562,33.85201147525814,-7.458826666759633
Zanahoria,TUNJA,,7.958816380390132,3.6502026021221434,31.377543417206375,-27.540804988295196
Zanahoria,VALLEDUPAR,,13.000524588115647,3.9772271035219076,12.245421994492078,-16.793443064695968
Zanahoria,VILLAVICENCIO,,9.89003425620707,-3.195716993287212,34.91648085613057,-15.548026555139838
